"","key_1","key_2","Month","NumberMachines","GrossRevenue","Revenue","Forecast","Plays"
"1","0.01 - reel","Aries - Boundary",2011-09-01,11,9894.28571428571,15548.1632653061,17086.4285714286,198352
"2","0.01 - reel","Aries - Boundary",2011-10-01,8,7943.33333333333,10591.1111111111,8984.5,163379.5
"3","0.01 - reel","Aries - Boundary",2011-11-01,4,5085,6780,7574.83333333333,206458
"4","0.01 - reel","Aries - Boundary",2011-12-01,8,7764.7,12423.52,9955.4,159613
"5","0.01 - reel","Aries - Boundary",2012-01-01,5,6456.625,8070.78125,9544,271391.5
"6","0.01 - reel","Aries - Boundary",2012-02-01,9,9574.3,17233.74,16423.3,150829
"7","0.01 - reel","Aries - Boundary",2012-03-01,8,10386.6,16618.56,15054.5,157034.5
"8","0.01 - reel","Aries - Boundary",2012-04-01,4,8705.66666666667,11607.5555555556,10730.5,207235
"9","0.01 - reel","Aries - Boundary",2012-05-01,6,10646.125,15969.1875,14202.875,237479.5
"10","0.01 - reel","Aries - Boundary",2012-06-01,4,7015.16666666667,9353.55555555555,7738.16666666667,143025.5
"11","0.01 - reel","Aries - Boundary",2012-07-01,3,10290.5,15435.75,11316,158744.75
"12","0.01 - reel","Aries - Boundary",2012-08-01,3,16418.5,24627.75,27071.25,189998.25
"13","0.01 - reel","Aries - Entrance",2011-09-01,4,2518.75,5037.5,5448.75,99410.5
"14","0.01 - reel","Aries - Entrance",2011-10-01,1,3634,3634,4224,112278
"15","0.01 - reel","Aries - Entrance",2011-11-01,9,3439.2925,7738.408125,9836.875,78120.585
"16","0.01 - reel","Aries - Entrance",2011-12-01,4,6320.25,12640.5,15568,79021.25
"17","0.01 - reel","Aries - Entrance",2012-01-01,2,14744.5,29489,28585,98883.5
"18","0.01 - reel","Aries - Entrance",2012-02-01,3,5823,8734.5,7256.5,78922.5
"19","0.01 - reel","Aries - Entrance",2012-03-01,6,9602.72333333333,19205.4466666667,19171.1666666667,69246
"20","0.01 - reel","Aries - Entrance",2012-04-01,8,5166.8,8266.88,9511.7,78628.5
"21","0.01 - reel","Aries - Entrance",2012-05-01,3,4653,6979.5,6970.25,92092
"22","0.01 - reel","Aries - Entrance",2012-06-01,2,7937,15874,15588.5,98872.5
"23","0.01 - reel","Aries - Entrance",2012-07-01,5,4950.16666666667,8250.27777777778,6469.5,102704.5
"24","0.01 - reel","Aries - Entrance",2012-08-01,4,4342,8684,8757,84949.75
"25","0.01 - reel","Aries - Interior",2011-09-01,2,12881,25762,26559.5,16182.5
"26","0.01 - reel","Aries - Interior",2011-12-01,2,5469.5,10939,12452.5,17508
"27","0.01 - reel","Aries - Interior",2012-01-01,2,13764,27528,28800.5,21872
"28","0.01 - reel","Aries - Interior",2012-02-01,2,9119.5,18239,18357.5,26380
"29","0.01 - reel","Aries - Interior",2012-04-01,3,2559.33,7677.99,16467,12860
"30","0.01 - reel","Aries - Interior",2012-05-01,2,6133.5,12267,12481.5,2205
"31","0.01 - reel","Aries - Interior",2012-06-01,4,5771.75,11543.5,18156.75,12591.75
"32","0.01 - reel","Aries - Interior",2012-07-01,2,6501.5,13003,13659.5,9379.5
"33","0.01 - reel","Aries - Interior",2012-08-01,8,4932.25,9864.5,11477.25,19370.915
"34","0.01 - reel","Aries - RestaurantPlaza",2011-09-01,14,6867.97875,12018.9628125,13035.5625,51945.75
"35","0.01 - reel","Aries - RestaurantPlaza",2011-10-01,6,9128.5,18257,18365.3333333333,46568.5
"36","0.01 - reel","Aries - RestaurantPlaza",2011-11-01,2,13306,26612,26781.5,37155.5
"37","0.01 - reel","Aries - RestaurantPlaza",2011-12-01,5,7757.16666666667,12928.6111111111,16941.3333333333,42057
"38","0.01 - reel","Aries - RestaurantPlaza",2012-01-01,8,7308.375,14616.75,17059.5,51936.25
"39","0.01 - reel","Aries - RestaurantPlaza",2012-02-01,2,8220.5,16441,17236.5,60412
"40","0.01 - reel","Aries - RestaurantPlaza",2012-03-01,4,3984,7968,8645.25,44771.75
"41","0.01 - reel","Aries - RestaurantPlaza",2012-04-01,4,10747,21494,27301.5,32589.5
"42","0.01 - reel","Aries - RestaurantPlaza",2012-05-01,4,3397,6794,12319.5,50170.25
"43","0.01 - reel","Aries - RestaurantPlaza",2012-07-01,2,6080,12160,12118,63775.5
"44","0.01 - reel","Aries - RestaurantPlaza",2012-08-01,2,7232,14464,14048,58067
"45","0.01 - reel","Libra - Entrance",2011-09-01,3,8153.67,24461.01,23992.5,70218
"46","0.01 - reel","Libra - Entrance",2011-10-01,3,6397.67,19193.01,19055.5,15494
"47","0.01 - reel","Libra - Entrance",2012-05-01,3,6630.33,19890.99,20845,122016.67
"48","0.01 - reel","Libra - Entrance",2012-06-01,3,8216.67,24650.01,22121,74514.67
"49","0.01 - reel","Libra - Entrance",2012-07-01,3,6299,18897,19999.5,82400
"50","0.01 - reel","Libra - Interior",2011-11-01,3,2689,8067,4507,183573.33
"51","0.01 - reel","Libra - Interior",2012-03-01,3,4986.33,14958.99,13713,140156.33
"52","0.01 - reel","Libra - Interior",2012-04-01,3,4275.67,12827.01,11558.5,72139.33
"53","0.01 - video","Aries - Boundary",2011-09-01,50,2011.50275862069,3468.10820451843,3925.6724137931,69203
"54","0.01 - video","Aries - Boundary",2011-10-01,20,1940.55153846154,2985.46390532544,2525.30769230769,121491
"55","0.01 - video","Aries - Boundary",2011-11-01,25,2130.18692307692,4096.51331360947,4067.42307692308,106649.67
"56","0.01 - video","Aries - Boundary",2011-12-01,29,1913.81642857143,3964.33403061225,5815.57142857143,144294.75
"57","0.01 - video","Aries - Boundary",2012-01-01,36,1863.04789473684,3529.98548476454,5787.71052631579,118331
"58","0.01 - video","Aries - Boundary",2012-02-01,22,1713.19230769231,2899.24852071006,2935.80769230769,109118
"59","0.01 - video","Aries - Boundary",2012-03-01,17,1879.81916666667,2663.07715277778,2855.41666666667,109718.5
"60","0.01 - video","Aries - Boundary",2012-04-01,27,1705.35416666667,3837.046875,7016.08333333333,47537.5
"61","0.01 - video","Aries - Boundary",2012-05-01,17,1938.07545454545,2995.20752066116,2957.72727272727,142059
"62","0.01 - video","Aries - Boundary",2012-06-01,24,1638.14769230769,3024.27266272189,3557.15384615385,106151.5
"63","0.01 - video","Aries - Boundary",2012-07-01,16,1210.283,1936.4528,3692.75,64284.5
"64","0.01 - video","Aries - Boundary",2012-08-01,21,1789.93909090909,3417.15644628099,1023.18181818182,117491.5
"65","0.01 - video","Aries - Entrance",2011-09-01,69,5946.55257142857,11723.2036408163,11915.1285714286,113689.25
"66","0.01 - video","Aries - Entrance",2011-10-01,40,6110.66764705882,14378.0415224914,14873.3529411765,81766
"67","0.01 - video","Aries - Entrance",2011-11-01,26,6615.916875,10750.864921875,10891.59375,119347.5
"68","0.01 - video","Aries - Entrance",2011-12-01,26,6270.3225,10189.2740625,10017.375,115783.5
"69","0.01 - video","Aries - Entrance",2012-01-01,21,6823.40428571429,10235.1064285714,10758.7857142857,102191.5
"70","0.01 - video","Aries - Entrance",2012-02-01,20,6008.645,12017.29,10704.55,87296.5
"71","0.01 - video","Aries - Entrance",2012-03-01,22,6020,9460,9682.92857142857,87014
"72","0.01 - video","Aries - Entrance",2012-04-01,26,6020.76,9783.735,10480.15625,90587.5
"73","0.01 - video","Aries - Entrance",2012-05-01,33,6705.13294117647,13015.8462975779,13836.2647058824,120638
"74","0.01 - video","Aries - Entrance",2012-06-01,24,6034.97333333333,9655.95733333333,9518.3,71526
"75","0.01 - video","Aries - Entrance",2012-07-01,28,6215.421875,10876.98828125,9299.9375,119702.75
"76","0.01 - video","Aries - Entrance",2012-08-01,28,6266.71538461538,13497.5408284024,14474.1923076923,91831
"77","0.01 - video","Aries - Interior",2011-09-01,67,10636.4696969697,21595.2566574839,22141.4393939394,119765
"78","0.01 - video","Aries - Interior",2011-10-01,18,10828.953,19492.1154,19277.2,154168.5
"79","0.01 - video","Aries - Interior",2011-11-01,32,12620.9106666667,26924.6094222222,26383.6333333333,125460
"80","0.01 - video","Aries - Interior",2011-12-01,25,11302.96875,17660.888671875,17156.5,106913.75
"81","0.01 - video","Aries - Interior",2012-01-01,28,10790.7,15106.98,14474.375,117978.75
"82","0.01 - video","Aries - Interior",2012-02-01,35,11618.7415,20332.797625,20695.8,62834.125
"83","0.01 - video","Aries - Interior",2012-03-01,24,11467.5515384615,21170.8643786982,19838.3846153846,144265
"84","0.01 - video","Aries - Interior",2012-04-01,21,12133.5,19600.2692307692,18685.4615384615,168662
"85","0.01 - video","Aries - Interior",2012-05-01,29,11431.7678571429,23680.0905612245,25308.25,75495.5
"86","0.01 - video","Aries - Interior",2012-06-01,16,11575.9545454545,16837.7520661157,15583.1363636364,142447
"87","0.01 - video","Aries - Interior",2012-07-01,25,11719.2053846154,22536.9334319527,22826.3846153846,110367
"88","0.01 - video","Aries - Interior",2012-08-01,31,11711.085625,22690.2283984375,22329.15625,81529.25
"89","0.01 - video","Aries - RestaurantPlaza",2011-09-01,28,22565.3516666667,35101.6581481481,37007,118468
"90","0.01 - video","Aries - RestaurantPlaza",2011-10-01,48,20226.7470833333,40453.4941666667,41022.8125,179473.75
"91","0.01 - video","Aries - RestaurantPlaza",2011-11-01,37,20682.6715,38262.942275,39384.25,126196
"92","0.01 - video","Aries - RestaurantPlaza",2011-12-01,27,24328.5782352941,38639.5066089965,37939.6764705882,104883
"93","0.01 - video","Aries - RestaurantPlaza",2012-01-01,33,21307.02875,43945.746796875,44365.5,193512.665
"94","0.01 - video","Aries - RestaurantPlaza",2012-02-01,27,20382.65,45860.9625,43699.25,110067.25
"95","0.01 - video","Aries - RestaurantPlaza",2012-03-01,26,21948.8785714286,40762.2030612245,46460.0714285714,164731.25
"96","0.01 - video","Aries - RestaurantPlaza",2012-04-01,31,21639.264,44721.1456,45893.4333333333,129982.5
"97","0.01 - video","Aries - RestaurantPlaza",2012-05-01,46,21131.937826087,42263.8756521739,41157.6086956522,137968
"98","0.01 - video","Aries - RestaurantPlaza",2012-06-01,38,23256.91,44188.129,42686.725,140214.165
"99","0.01 - video","Aries - RestaurantPlaza",2012-07-01,22,24708.6669230769,41814.6671005917,41914.1538461538,176552
"100","0.01 - video","Aries - RestaurantPlaza",2012-08-01,27,22170.8869230769,46047.2266863905,50096.6153846154,244649.33
"101","0.01 - video","Libra - Boundary",2011-09-01,17,7007.33333333333,9927.05555555555,10679.3333333333,49779
"102","0.01 - video","Libra - Boundary",2011-10-01,8,7237.83333333333,9650.44444444444,9290.16666666667,154389.75
"103","0.01 - video","Libra - Boundary",2011-11-01,6,6137.8,7365.36,9862.8,88655.5
"104","0.01 - video","Libra - Boundary",2011-12-01,5,6950.25,8687.8125,9253.375,202339
"105","0.01 - video","Libra - Boundary",2012-01-01,11,6570.67857142857,10325.3520408163,8997.78571428571,128302
"106","0.01 - video","Libra - Boundary",2012-02-01,15,6459.06090909091,8807.81033057851,7818.45454545455,161994
"107","0.01 - video","Libra - Boundary",2012-03-01,13,6835.27272727273,8078.04958677686,7850.27272727273,130497
"108","0.01 - video","Libra - Boundary",2012-04-01,6,6698.5,8038.2,7972.2,208052.5
"109","0.01 - video","Libra - Boundary",2012-05-01,9,6320.9,11377.62,9273.7,99677
"110","0.01 - video","Libra - Boundary",2012-06-01,16,6626.7,10602.72,7979.6,114309
"111","0.01 - video","Libra - Boundary",2012-07-01,12,6918.68181818182,7547.65289256198,8366.22727272727,137279
"112","0.01 - video","Libra - Boundary",2012-08-01,9,7091.0625,7977.4453125,8461.1875,103977
"113","0.01 - video","Libra - Entrance",2011-09-01,17,2130.7,3622.19,5012.15,80362.5
"114","0.01 - video","Libra - Entrance",2011-10-01,5,2617.5,3271.875,3029,75069
"115","0.01 - video","Libra - Entrance",2011-11-01,14,2188.80555555556,3404.80864197531,3629.05555555556,72134
"116","0.01 - video","Libra - Entrance",2011-12-01,8,1562.41666666667,2083.22222222222,3375,35290
"117","0.01 - video","Libra - Entrance",2012-01-01,12,2326.1875,3489.28125,4404.875,103308.5
"118","0.01 - video","Libra - Entrance",2012-02-01,6,1516.66666666667,1516.66666666667,1140.33333333333,322120.5
"119","0.01 - video","Libra - Entrance",2012-03-01,4,1604,2138.66666666667,2379.83333333333,179169
"120","0.01 - video","Libra - Entrance",2012-04-01,7,1148,2009,193.875,250189.75
"121","0.01 - video","Libra - Entrance",2012-05-01,17,2052.36363636364,3171.8347107438,3005.81818181818,199886
"122","0.01 - video","Libra - Entrance",2012-06-01,9,1613.28571428571,2074.22448979592,3640.42857142857,74503
"123","0.01 - video","Libra - Entrance",2012-07-01,11,2940.5,4620.78571428571,6031.71428571429,129138
"124","0.01 - video","Libra - Entrance",2012-08-01,16,2559.817,4095.7072,3622.05,118043.165
"125","0.01 - video","Libra - Interior",2011-09-01,10,22004.8,22004.8,22704.7,179656.5
"126","0.01 - video","Libra - Interior",2011-10-01,16,20063.8333333333,26751.7777777778,25875.375,142962.665
"127","0.01 - video","Libra - Interior",2011-11-01,15,21395.8409090909,29176.1466942149,30458.5,79628
"128","0.01 - video","Libra - Interior",2011-12-01,8,18481.7142857143,21121.9591836735,22376.5,107487
"129","0.01 - video","Libra - Interior",2012-01-01,5,19763.4,19763.4,18025.9,158467
"130","0.01 - video","Libra - Interior",2012-02-01,8,23682.0625,47364.125,45178.5,197729.5
"131","0.01 - video","Libra - Interior",2012-03-01,6,19439,19439,20775,110225
"132","0.01 - video","Libra - Interior",2012-04-01,9,22019.5242857143,28310.8169387755,27117.4285714286,183606
"133","0.01 - video","Libra - Interior",2012-05-01,11,18243.95,20068.345,20100.4,241349.75
"134","0.01 - video","Libra - Interior",2012-06-01,5,19338.8,19338.8,18697.5,184890
"135","0.01 - video","Libra - Interior",2012-07-01,10,24858.3888888889,27620.4320987654,26605.4444444444,206998
"136","0.01 - video","Libra - Interior",2012-08-01,14,20981,32637.1111111111,32244,339019
"137","0.01 - video","Libra - RestaurantPlaza",2011-09-01,34,11659.8260869565,17236.2646502836,16847.4347826087,125175
"138","0.01 - video","Libra - RestaurantPlaza",2011-10-01,7,11783.2,16496.48,16777.3,82383.5
"139","0.01 - video","Libra - RestaurantPlaza",2011-11-01,7,13189.625,23081.84375,21502.375,116175.75
"140","0.01 - video","Libra - RestaurantPlaza",2011-12-01,14,11147.4166666667,17340.4259259259,17228.1111111111,92065.25
"141","0.01 - video","Libra - RestaurantPlaza",2012-01-01,11,12239.5555555556,14959.4567901235,14767.2222222222,169217.5
"142","0.01 - video","Libra - RestaurantPlaza",2012-02-01,16,12065.7727272727,17550.2148760331,15656.7727272727,196982
"143","0.01 - video","Libra - RestaurantPlaza",2012-03-01,14,12467.175,17454.045,15796.15,107958
"144","0.01 - video","Libra - RestaurantPlaza",2012-04-01,14,12168.4545454545,15487.1239669421,14982,138405.5
"145","0.01 - video","Libra - RestaurantPlaza",2012-05-01,5,11725.5,19542.5,22068,78288
"146","0.01 - video","Libra - RestaurantPlaza",2012-06-01,11,12169.9583333333,22311.5902777778,20907.6666666667,149378.5
"147","0.01 - video","Libra - RestaurantPlaza",2012-07-01,7,12061.6666666667,14071.9444444444,13663.25,159524.25
"148","0.01 - video","Libra - RestaurantPlaza",2012-08-01,12,11805.2,14166.24,12991,141531.75
"149","0.01 - vpoker","Libra - Boundary",2012-07-01,2,4312.5,8625,6501,133816.5
"150","0.01 - vpoker","Libra - Entrance",2011-09-01,2,6109,12218,13342,8720.5
"151","0.01 - vpoker","Libra - Entrance",2011-11-01,2,6755,13510,6720,168237.5
"152","0.01 - vpoker","Libra - Entrance",2012-01-01,2,4428,8856,2620.5,179087.5
"153","0.01 - vpoker","Libra - Interior",2011-10-01,2,7489,14978,19203.5,67326.5
"154","0.01 - vpoker","Libra - Interior",2012-02-01,2,8428.5,16857,20401,3628
"155","0.01 - vpoker","Libra - Interior",2012-04-01,2,6826.5,13653,10743.5,59373
"156","0.01 - vpoker","Libra - RestaurantPlaza",2011-12-01,2,11578.5,23157,14175.5,199967
"157","0.02 - reel","Aries - Boundary",2011-09-01,5,9046.16666666667,15076.9444444444,12301.8333333333,150339
"158","0.02 - reel","Aries - Boundary",2011-10-01,6,10894.3333333333,21788.6666666667,19594.6666666667,126608
"159","0.02 - reel","Aries - Boundary",2011-11-01,1,4265,4265,4256,259617
"160","0.02 - reel","Aries - Boundary",2011-12-01,9,11619.7925,26144.533125,23868.75,170867.5
"161","0.02 - reel","Aries - Boundary",2012-01-01,1,9385,9385,7755.5,247662
"162","0.02 - reel","Aries - Boundary",2012-02-01,1,3030,3030,2328.5,211568
"163","0.02 - reel","Aries - Boundary",2012-03-01,5,12436,20726.6666666667,17542.5,226004
"164","0.02 - reel","Aries - Boundary",2012-04-01,4,11348.25,22696.5,19096.75,158908.25
"165","0.02 - reel","Aries - Boundary",2012-05-01,1,1688,1688,-4004,140325
"166","0.02 - reel","Aries - Boundary",2012-06-01,3,10947,16420.5,14253.5,242320.25
"167","0.02 - reel","Aries - Boundary",2012-07-01,7,13546.375,23706.15625,21894.125,163447.75
"168","0.02 - reel","Aries - Boundary",2012-08-01,6,20542.7233333333,41085.4466666667,35781.5,233642
"169","0.02 - reel","Aries - Entrance",2011-09-01,10,12991.65,25983.3,20446.6,83002.5
"170","0.02 - reel","Aries - Entrance",2011-10-01,8,6189.2075,12378.415,15751.875,82044.085
"171","0.02 - reel","Aries - Entrance",2011-11-01,6,8617.33333333333,17234.6666666667,16869.8333333333,86980
"172","0.02 - reel","Aries - Entrance",2011-12-01,9,9324.7,16784.46,12818.4,68263.25
"173","0.02 - reel","Aries - Entrance",2012-01-01,6,9251.25,27753.75,17566.25,89379.875
"174","0.02 - reel","Aries - Entrance",2012-02-01,11,2993.566,6585.8452,6119.2,94735
"175","0.02 - reel","Aries - Entrance",2012-03-01,4,11244.165,22488.33,16473,93370.5
"176","0.02 - reel","Aries - Entrance",2012-04-01,6,8424.5,16849,10014.6666666667,75871.5
"177","0.02 - reel","Aries - Entrance",2012-05-01,8,5893.5,9429.6,6543.3,94760.5
"178","0.02 - reel","Aries - Entrance",2012-06-01,10,6276.6,12553.2,9960.7,90848
"179","0.02 - reel","Aries - Entrance",2012-07-01,3,8435,12652.5,4874.5,93747.25
"180","0.02 - reel","Aries - Entrance",2012-08-01,5,6471.375,8089.21875,7300.625,81313
"181","0.02 - reel","Aries - Interior",2011-09-01,10,6012.16714285714,8588.81020408163,14317.7857142857,8703
"182","0.02 - reel","Aries - Interior",2011-10-01,7,2854.9375,4996.140625,4273.875,17759.625
"183","0.02 - reel","Aries - Interior",2011-11-01,4,6683.75,13367.5,17274.25,12939.5
"184","0.02 - reel","Aries - Interior",2011-12-01,5,2757.16666666667,4595.27777777778,7668,13717
"185","0.02 - reel","Aries - Interior",2012-01-01,6,7705.55666666667,15411.1133333333,15417.6666666667,14800
"186","0.02 - reel","Aries - Interior",2012-03-01,6,2680.58333333333,5361.16666666667,8517.83333333333,15537.5
"187","0.02 - reel","Aries - Interior",2012-04-01,4,6705.5,13411,13337.25,7069.75
"188","0.02 - reel","Aries - Interior",2012-05-01,4,1112.5,4450,5345,12095.5
"189","0.02 - reel","Aries - Interior",2012-06-01,3,6086.66666666667,6086.66666666667,8921.83333333333,6878
"190","0.02 - reel","Aries - Interior",2012-07-01,4,7402.5,14805,15855.75,14830.75
"191","0.02 - reel","Aries - Interior",2012-08-01,6,7582.875,22748.625,18988.25,15617.5
"192","0.02 - reel","Aries - RestaurantPlaza",2011-09-01,11,9057.42857142857,14233.1020408163,16517.0714285714,48348
"193","0.02 - reel","Aries - RestaurantPlaza",2011-10-01,2,4816,9632,13282,32608
"194","0.02 - reel","Aries - RestaurantPlaza",2011-11-01,7,6757.16666666667,15766.7222222222,11815.6666666667,60036.75
"195","0.02 - reel","Aries - RestaurantPlaza",2011-12-01,1,2136,2136,174,37836
"196","0.02 - reel","Aries - RestaurantPlaza",2012-01-01,3,4323.25,6484.875,7817.25,50981
"197","0.02 - reel","Aries - RestaurantPlaza",2012-02-01,6,9991.875,14987.8125,17646.625,43959.5
"198","0.02 - reel","Aries - RestaurantPlaza",2012-03-01,3,4484.5,6726.75,7057,47907
"199","0.02 - reel","Aries - RestaurantPlaza",2012-04-01,2,3338.5,3338.5,2470,51405
"200","0.02 - reel","Aries - RestaurantPlaza",2012-05-01,6,8635.375,12953.0625,12355.25,33132.5
"201","0.02 - reel","Aries - RestaurantPlaza",2012-06-01,5,4532.5,7554.16666666667,6999.33333333333,39751
"202","0.02 - reel","Aries - RestaurantPlaza",2012-07-01,7,4611.8125,8070.671875,6927.5,44954.5
"203","0.02 - reel","Libra - Boundary",2011-09-01,1,10166,10166,11929.5,65740
"204","0.02 - reel","Libra - Boundary",2012-02-01,1,15434,15434,15455,190826
"205","0.02 - reel","Libra - Boundary",2012-08-01,1,8894,8894,9778.5,2590
"206","0.02 - reel","Libra - Entrance",2011-09-01,1,5846,5846,4977.5,114613
"207","0.02 - reel","Libra - Entrance",2011-10-01,1,7804,7804,6653,87440
"208","0.02 - reel","Libra - Entrance",2011-11-01,3,7533.66666666667,7533.66666666667,5040.5,131781
"209","0.02 - reel","Libra - Entrance",2011-12-01,3,6303,6303,8846.83333333333,98096
"210","0.02 - reel","Libra - Entrance",2012-06-01,1,7299,7299,6670.5,90071
"211","0.02 - reel","Libra - Entrance",2012-07-01,1,6487,6487,5024,168159
"212","0.02 - reel","Libra - Interior",2011-09-01,3,3051.5,4577.25,4156.25,104389
"213","0.02 - reel","Libra - Interior",2011-10-01,1,2471,2471,655,174976
"214","0.02 - reel","Libra - Interior",2011-12-01,1,3778,3778,4919.5,73388
"215","0.02 - reel","Libra - Interior",2012-01-01,1,4763,4763,12291,3285
"216","0.02 - reel","Libra - Interior",2012-03-01,1,3247,3247,2468,63946
"217","0.02 - reel","Libra - Interior",2012-04-01,2,3595.5,3595.5,4323.5,82754
"218","0.02 - reel","Libra - Interior",2012-05-01,2,4879,4879,6651.5,62135.5
"219","0.02 - reel","Libra - RestaurantPlaza",2011-09-01,1,1747,1747,-2764.5,78102
"220","0.02 - reel","Libra - RestaurantPlaza",2012-01-01,1,1213,1213,763.5,70766
"221","0.02 - reel","Libra - RestaurantPlaza",2012-03-01,1,1345,1345,4890.5,13885
"222","0.02 - reel","Libra - RestaurantPlaza",2012-06-01,1,104,104,-3796,221184
"223","0.02 - reel","Libra - RestaurantPlaza",2012-08-01,1,1662,1662,437.5,123389
"224","0.02 - video","Aries - Boundary",2011-09-01,7,927.666666666667,2164.55555555556,-3285.83333333333,105035
"225","0.02 - video","Aries - Boundary",2011-10-01,7,1763.5,4114.83333333333,4534.16666666667,71101
"226","0.02 - video","Aries - Boundary",2011-11-01,4,2245.25,4490.5,6509,37525.5
"227","0.02 - video","Aries - Boundary",2011-12-01,3,725.5,1088.25,-1795.25,100049
"228","0.02 - video","Aries - Boundary",2012-01-01,1,557,557,-1008.5,65754
"229","0.02 - video","Aries - Boundary",2012-02-01,2,3372,6744,3983.5,41772.5
"230","0.02 - video","Aries - Boundary",2012-03-01,3,1488.5,2232.75,337.75,76901.5
"231","0.02 - video","Aries - Boundary",2012-04-01,2,3334.5,6669,6864.5,86402.5
"232","0.02 - video","Aries - Boundary",2012-05-01,9,1463.5,3292.875,5617.375,27081.75
"233","0.02 - video","Aries - Boundary",2012-06-01,11,1865.4,4103.88,-760.2,80540.5
"234","0.02 - video","Aries - Boundary",2012-07-01,1,1092,1092,537,115612
"235","0.02 - video","Aries - Boundary",2012-08-01,5,2190.66666666667,3651.11111111111,-291.5,62555
"236","0.02 - video","Aries - Entrance",2011-09-01,16,5419.225,10838.45,10074.625,59504.5
"237","0.02 - video","Aries - Entrance",2011-10-01,2,6051.5,12103,13172,24008.5
"238","0.02 - video","Aries - Entrance",2011-11-01,5,6491.875,8114.84375,9746,66002.5
"239","0.02 - video","Aries - Entrance",2011-12-01,10,6238.16666666667,10396.9444444444,10652.1666666667,62803
"240","0.02 - video","Aries - Entrance",2012-01-01,10,5803.025,14507.5625,19713.125,23112.2
"241","0.02 - video","Aries - Entrance",2012-02-01,6,7584,22752,25133.5,148345.875
"242","0.02 - video","Aries - Entrance",2012-03-01,9,6678.9,12022.02,12759.8,55549
"243","0.02 - video","Aries - Entrance",2012-04-01,8,6424.6,10279.36,13058.4,72914.5
"244","0.02 - video","Aries - Entrance",2012-05-01,3,6781,10171.5,11709.25,108109.25
"245","0.02 - video","Aries - Entrance",2012-06-01,7,6536.3,9150.82,12660.4,34900.5
"246","0.02 - video","Aries - Entrance",2012-07-01,14,5368.8,10737.6,8707.78571428571,92464.8
"247","0.02 - video","Aries - Entrance",2012-08-01,9,5574.3,10033.74,8927.1,32360.5
"248","0.02 - video","Aries - Interior",2011-09-01,10,11552.7142857143,16503.8775510204,16644.2142857143,53040
"249","0.02 - video","Aries - Interior",2011-10-01,6,9639.7,28919.1,27540.25,65615.5
"250","0.02 - video","Aries - Interior",2011-11-01,13,12022.5,22327.5,19936.0714285714,73564
"251","0.02 - video","Aries - Interior",2011-12-01,3,10287.5,15431.25,20073.75,26010.75
"252","0.02 - video","Aries - Interior",2012-01-01,1,12083,12083,12362.5,272855
"253","0.02 - video","Aries - Interior",2012-02-01,1,10024,10024,10692,113745
"254","0.02 - video","Aries - Interior",2012-03-01,5,13012.125,16265.15625,16446.5,59065.5
"255","0.02 - video","Aries - Interior",2012-04-01,7,13202.25,23103.9375,20174,67496.5
"256","0.02 - video","Aries - Interior",2012-05-01,10,11212.925,28032.3125,30523.625,57900.75
"257","0.02 - video","Aries - Interior",2012-06-01,5,10410.2,52051,67194.5,56106.6
"258","0.02 - video","Aries - Interior",2012-07-01,5,12904.6666666667,21507.7777777778,23690.3333333333,51527.5
"259","0.02 - video","Aries - Interior",2012-08-01,1,12054,12054,13488,36323
"260","0.02 - video","Aries - RestaurantPlaza",2011-09-01,8,21329,34126.4,37082.9,95133.5
"261","0.02 - video","Aries - RestaurantPlaza",2011-10-01,3,35873,53809.5,59589.5,64501.75
"262","0.02 - video","Aries - RestaurantPlaza",2011-11-01,1,21309,21309,20924.5,135116
"263","0.02 - video","Aries - RestaurantPlaza",2011-12-01,7,25631.2,35883.68,34709.2,108606
"264","0.02 - video","Aries - RestaurantPlaza",2012-01-01,2,32281,32281,32616.25,155164.5
"265","0.02 - video","Aries - RestaurantPlaza",2012-02-01,4,32220.6666666667,42960.8888888889,40720.5,103425
"266","0.02 - video","Aries - RestaurantPlaza",2012-03-01,4,26642,53284,56683.25,118405.75
"267","0.02 - video","Aries - RestaurantPlaza",2012-04-01,2,27871,27871,26483,155516.5
"268","0.02 - video","Aries - RestaurantPlaza",2012-05-01,4,30706.25,61412.5,49986.75,161409.75
"269","0.02 - video","Aries - RestaurantPlaza",2012-06-01,6,19395.125,29092.6875,30863.125,174710.25
"270","0.02 - video","Aries - RestaurantPlaza",2012-07-01,2,31145,62290,64926.5,83463.5
"271","0.02 - video","Aries - RestaurantPlaza",2012-08-01,1,16684,16684,18901.5,159286
"272","0.02 - video","Libra - Boundary",2011-09-01,4,6600.83333333333,8801.11111111111,8540.33333333333,79163
"273","0.02 - video","Libra - Boundary",2011-11-01,1,5953,5953,1511.5,80246
"274","0.02 - video","Libra - Boundary",2011-12-01,4,5431.83333333333,7242.44444444444,6944.66666666667,167922
"275","0.02 - video","Libra - Boundary",2012-02-01,1,4704,4704,7436.5,89737
"276","0.02 - video","Libra - Boundary",2012-03-01,1,8074,8074,7159,173301
"277","0.02 - video","Libra - Boundary",2012-04-01,4,6005.5,8007.33333333333,9140.33333333333,6118
"278","0.02 - video","Libra - Boundary",2012-05-01,2,6448.5,6448.5,9183.25,64460.5
"279","0.02 - video","Libra - Boundary",2012-06-01,2,8410.5,8410.5,10291.75,42525
"280","0.02 - video","Libra - Boundary",2012-07-01,4,7399.83333333333,9866.44444444444,7415.66666666667,121606
"281","0.02 - video","Libra - Boundary",2012-08-01,2,6750,6750,8741.75,134752
"282","0.02 - video","Libra - Entrance",2011-09-01,4,3290.33333333333,4387.11111111111,3656.83333333333,49501
"283","0.02 - video","Libra - Entrance",2011-11-01,3,704,704,-361,127405
"284","0.02 - video","Libra - Entrance",2011-12-01,2,3088.5,3088.5,109.75,148921
"285","0.02 - video","Libra - Entrance",2012-01-01,2,507,507,-814.25,87665
"286","0.02 - video","Libra - Entrance",2012-02-01,4,1701.83333333333,2269.11111111111,1556.83333333333,81055
"287","0.02 - video","Libra - Entrance",2012-03-01,2,2768.5,5537,6519.5,71028.5
"288","0.02 - video","Libra - Entrance",2012-04-01,2,2023.5,2023.5,518.25,120369
"289","0.02 - video","Libra - Entrance",2012-05-01,6,2561.7,3074.04,1320.9,94483
"290","0.02 - video","Libra - Entrance",2012-06-01,2,2674.5,2674.5,1781.5,105667
"291","0.02 - video","Libra - Entrance",2012-08-01,1,3829,3829,3211,27678
"292","0.02 - video","Libra - Interior",2011-09-01,3,18911,18911,16163,208551
"293","0.02 - video","Libra - Interior",2011-10-01,1,18151,18151,15258.5,182947
"294","0.02 - video","Libra - Interior",2011-11-01,1,19678,19678,20488.5,199190
"295","0.02 - video","Libra - Interior",2011-12-01,1,29761,29761,31880.5,132124
"296","0.02 - video","Libra - Interior",2012-01-01,1,17077,17077,16840.5,184844
"297","0.02 - video","Libra - Interior",2012-02-01,1,21957,21957,27426.5,18711
"298","0.02 - video","Libra - Interior",2012-03-01,2,24825,24825,31100.25,41044
"299","0.02 - video","Libra - Interior",2012-04-01,1,23878,23878,22759.5,95916
"300","0.02 - video","Libra - Interior",2012-06-01,1,27204,27204,26438.5,26694
"301","0.02 - video","Libra - Interior",2012-07-01,1,17998,17998,7767,129057
"302","0.02 - video","Libra - RestaurantPlaza",2011-09-01,3,12953.3333333333,12953.3333333333,15010.6666666667,44543
"303","0.02 - video","Libra - RestaurantPlaza",2011-11-01,3,11615.75,17423.625,20811,91653.25
"304","0.02 - video","Libra - RestaurantPlaza",2011-12-01,1,12927,12927,18507,64944
"305","0.02 - video","Libra - RestaurantPlaza",2012-01-01,3,10321.25,15481.875,16317.5,101253.75
"306","0.02 - video","Libra - RestaurantPlaza",2012-02-01,1,12807,12807,12466.5,58537
"307","0.02 - video","Libra - RestaurantPlaza",2012-04-01,2,11568,11568,14976.75,21989
"308","0.02 - video","Libra - RestaurantPlaza",2012-05-01,1,12158,12158,12636.5,143404
"309","0.02 - video","Libra - RestaurantPlaza",2012-07-01,2,11883,11883,12757.25,23409
"310","0.02 - video","Libra - RestaurantPlaza",2012-08-01,5,11290.5,14113.125,14930.25,68539.5
"311","0.05 - reel","Aries - Boundary",2011-09-01,3,37930.6666666667,37930.6666666667,37201.8333333333,182449
"312","0.05 - reel","Aries - Boundary",2011-10-01,1,87947,87947,85060.5,205486
"313","0.05 - reel","Aries - Boundary",2011-11-01,4,14928,29856,29145.5,180368.835
"314","0.05 - reel","Aries - Boundary",2011-12-01,6,12922.8325,19384.24875,14052.125,166380.5
"315","0.05 - reel","Aries - Boundary",2012-01-01,5,42441.5566666667,70735.9277777778,39919.8333333333,228402.67
"316","0.05 - reel","Aries - Boundary",2012-02-01,3,35762.3333333333,35762.3333333333,28960.8333333333,200358
"317","0.05 - reel","Aries - Boundary",2012-03-01,2,37057.5,37057.5,27547,212512.5
"318","0.05 - reel","Aries - Boundary",2012-04-01,5,6783.66666666667,11306.1111111111,14043.8333333333,225612
"319","0.05 - reel","Aries - Boundary",2012-05-01,4,30444,60888,34590.5,225576.665
"320","0.05 - reel","Aries - Boundary",2012-06-01,1,73393,73393,66436.5,291125
"321","0.05 - reel","Aries - Boundary",2012-07-01,1,49343,49343,55658,239164
"322","0.05 - reel","Aries - Boundary",2012-08-01,1,42322,42322,41279,182444
"323","0.05 - reel","Aries - Entrance",2011-09-01,1,7517,7517,5848,79573
"324","0.05 - reel","Aries - Entrance",2011-10-01,2,13394,13394,15819.25,93549.5
"325","0.05 - reel","Aries - Entrance",2012-01-01,1,3415,3415,2134.5,82249
"326","0.05 - reel","Aries - Entrance",2012-04-01,2,8085,8085,9167.5,83985
"327","0.05 - reel","Aries - Entrance",2012-06-01,5,29952.2233333333,49920.3722222222,50354.3333333333,97693
"328","0.05 - reel","Aries - Entrance",2012-07-01,2,23089,23089,26141.75,69732
"329","0.05 - reel","Aries - Entrance",2012-08-01,3,13032.3333333333,13032.3333333333,14201.8333333333,102831
"330","0.05 - reel","Aries - Interior",2011-09-01,6,12056.7766666667,24113.5533333333,36662.5,1611
"331","0.05 - reel","Aries - Interior",2011-10-01,2,3810.5,3810.5,5055.5,18987
"332","0.05 - reel","Aries - Interior",2011-11-01,3,4294.66666666667,4294.66666666667,6213.16666666667,3660
"333","0.05 - reel","Aries - Interior",2012-01-01,1,1363,1363,-2124,19057
"334","0.05 - reel","Aries - Interior",2012-02-01,5,13855.6666666667,23092.7777777778,34740,14118
"335","0.05 - reel","Aries - Interior",2012-03-01,4,12250.165,24500.33,32452.25,16564
"336","0.05 - reel","Aries - Interior",2012-04-01,2,3278.5,3278.5,4040.75,18393
"337","0.05 - reel","Aries - Interior",2012-05-01,3,25752.6666666667,25752.6666666667,26788.8333333333,14570
"338","0.05 - reel","Aries - Interior",2012-06-01,1,2913,2913,5138.5,18290
"339","0.05 - reel","Aries - Interior",2012-07-01,1,1273,1273,2949.5,21737
"340","0.05 - reel","Aries - Interior",2012-08-01,2,3215.5,3215.5,3931.5,9877
"341","0.05 - reel","Aries - RestaurantPlaza",2011-09-01,2,3748.5,3748.5,3593.5,36052
"342","0.05 - reel","Aries - RestaurantPlaza",2011-10-01,5,1429.66666666667,2382.77777777778,1312.16666666667,39025
"343","0.05 - reel","Aries - RestaurantPlaza",2011-11-01,2,28280,28280,31813.25,41471
"344","0.05 - reel","Aries - RestaurantPlaza",2011-12-01,2,2416,2416,2030,44969
"345","0.05 - reel","Aries - RestaurantPlaza",2012-01-01,2,46609.5,46609.5,53925.25,34810.5
"346","0.05 - reel","Aries - RestaurantPlaza",2012-02-01,1,3792,3792,4113.5,55054
"347","0.05 - reel","Aries - RestaurantPlaza",2012-03-01,3,23964.6666666667,23964.6666666667,22645.1666666667,40049
"348","0.05 - reel","Aries - RestaurantPlaza",2012-05-01,2,4660,4660,4114.5,36088.5
"349","0.05 - reel","Aries - RestaurantPlaza",2012-06-01,2,2720.5,2720.5,2631.5,42421.5
"350","0.05 - reel","Aries - RestaurantPlaza",2012-07-01,5,20200.5566666667,33667.5944444444,28894.1666666667,37539
"351","0.05 - reel","Aries - RestaurantPlaza",2012-08-01,3,7525.67,22577.01,26231.5,45823.33
"352","0.05 - reel","Libra - Entrance",2011-09-01,1,6975,6975,6808.5,87391
"353","0.05 - reel","Libra - Entrance",2012-07-01,1,6553,6553,5905.5,78841
"354","0.05 - reel","Libra - Interior",2011-09-01,1,5338,5338,2450.5,205873
"355","0.05 - reel","Libra - Interior",2011-12-01,1,4787,4787,3341,105856
"356","0.05 - reel","Libra - Interior",2012-04-01,1,3703,3703,2809.5,122959
"357","0.05 - reel","Libra - Interior",2012-06-01,1,2873,2873,1915.5,71190
"358","0.05 - reel","Libra - Interior",2012-08-01,1,5022,5022,2125,179685
"359","0.05 - reel","Libra - RestaurantPlaza",2012-02-01,1,2229,2229,929,198143
"360","0.05 - reel","Libra - RestaurantPlaza",2012-06-01,1,1382,1382,1253.5,25735
"361","0.05 - video","Aries - Boundary",2011-09-01,11,1193.895,3283.21125,4663.875,47940.085
"362","0.05 - video","Aries - Boundary",2011-10-01,11,3145.625,8650.46875,8025.375,25018.25
"363","0.05 - video","Aries - Boundary",2011-12-01,1,342,342,2358,8365
"364","0.05 - video","Aries - Boundary",2012-01-01,9,1124.975,5062.3875,-4526.25,63776.15
"365","0.05 - video","Aries - Boundary",2012-02-01,7,1447.58333333333,3377.69444444444,-571,136583
"366","0.05 - video","Aries - Boundary",2012-03-01,8,3407.91666666667,9087.77777777778,8377.5,41386
"367","0.05 - video","Aries - Boundary",2012-04-01,10,1918.75,9593.75,4901.75,3289.71
"368","0.05 - video","Aries - Boundary",2012-06-01,4,317.75,1271,-3319,4844.75
"369","0.05 - video","Aries - Boundary",2012-07-01,6,3795.5,22773,17757.5,2624.33
"370","0.05 - video","Aries - Boundary",2012-08-01,4,2368.25,9473,8796,709
"371","0.05 - video","Aries - Entrance",2011-09-01,8,6212,24848,14456.5,67774.835
"372","0.05 - video","Aries - Entrance",2011-11-01,4,4440.75,17763,15862,7547.25
"373","0.05 - video","Aries - Entrance",2011-12-01,6,5195.5,31173,24899.5,9414.83
"374","0.05 - video","Aries - Entrance",2012-01-01,5,4887.6,24438,17539,90820.2
"375","0.05 - video","Aries - Entrance",2012-02-01,2,6520.5,13041,12424,38702.5
"376","0.05 - video","Aries - Entrance",2012-08-01,4,6200.75,12401.5,8602.25,78249.75
"377","0.05 - video","Aries - Interior",2011-09-01,6,11439.9,34319.7,38935,71916.7
"378","0.05 - video","Aries - Interior",2011-11-01,2,9371,18742,16362.5,121038.5
"379","0.05 - video","Aries - Interior",2011-12-01,3,11978,17967,21358,126726
"380","0.05 - video","Aries - Interior",2012-01-01,4,12160.25,24320.5,23880.5,107108.75
"381","0.05 - video","Aries - Interior",2012-02-01,6,11559,34677,39303.75,91561.8
"382","0.05 - video","Aries - Interior",2012-04-01,2,13050,26100,27193,35344
"383","0.05 - video","Aries - Interior",2012-05-01,4,11264.25,22528.5,15983.75,131503.5
"384","0.05 - video","Aries - Interior",2012-06-01,9,11041.7,33125.1,31288.3333333333,110769.8
"385","0.05 - video","Aries - Interior",2012-07-01,2,11991,23982,22907.5,129168
"386","0.05 - video","Aries - RestaurantPlaza",2011-09-01,7,39814,92899.3333333333,68678.6666666667,132423.8
"387","0.05 - video","Aries - RestaurantPlaza",2011-10-01,7,34559.8666666667,80639.6888888889,73819.8333333333,131749
"388","0.05 - video","Aries - RestaurantPlaza",2011-11-01,5,27133.875,33917.34375,27541.875,188001
"389","0.05 - video","Aries - RestaurantPlaza",2011-12-01,1,30327,30327,30105.5,66479
"390","0.05 - video","Aries - RestaurantPlaza",2012-01-01,3,35885.6666666667,35885.6666666667,36293.6666666667,140863
"391","0.05 - video","Aries - RestaurantPlaza",2012-02-01,1,25731,25731,25380.5,121699
"392","0.05 - video","Aries - RestaurantPlaza",2012-03-01,13,40455.8,105185.08,84222.9,115872.2
"393","0.05 - video","Aries - RestaurantPlaza",2012-04-01,5,27578.875,34473.59375,33126.125,137199.5
"394","0.05 - video","Aries - RestaurantPlaza",2012-05-01,8,45339.9,90679.8,73111.25,162619
"395","0.05 - video","Aries - RestaurantPlaza",2012-06-01,8,36558.8,73117.6,57614.5,93514.3
"396","0.05 - video","Aries - RestaurantPlaza",2012-07-01,5,31252,39065,33044.5,107404
"397","0.05 - video","Aries - RestaurantPlaza",2012-08-01,8,31355.15,62710.3,56021.625,54920
"398","0.05 - video","Libra - Boundary",2011-09-01,2,6072.5,6072.5,10662.75,72782.5
"399","0.05 - video","Libra - Boundary",2011-11-01,1,8248,8248,6686.5,214439
"400","0.05 - video","Libra - Boundary",2012-05-01,1,7423,7423,7941.5,57622
"401","0.05 - video","Libra - Boundary",2012-07-01,1,7643,7643,22676.5,5366
"402","0.05 - video","Libra - Entrance",2012-08-01,1,1549,1549,-182,99385
"403","0.05 - video","Libra - Interior",2011-12-01,2,20235,20235,19474,68193.5
"404","0.05 - video","Libra - Interior",2012-03-01,1,32156,32156,33134.5,78176
"405","0.05 - video","Libra - Interior",2012-04-01,1,26179,26179,23881,62646
"406","0.05 - video","Libra - Interior",2012-06-01,1,25246,25246,40507,1121
"407","0.05 - video","Libra - RestaurantPlaza",2011-10-01,2,11094.5,11094.5,9996,61144.5
"408","0.05 - video","Libra - RestaurantPlaza",2012-01-01,1,9668,9668,10578.5,196611
"409","0.05 - video","Libra - RestaurantPlaza",2012-02-01,1,12597,12597,11600,169333
"410","0.05 - video","Libra - RestaurantPlaza",2012-03-01,2,11672,11672,18233.25,50945.5
"411","0.05 - video","Libra - RestaurantPlaza",2012-04-01,1,9712,9712,8172,132904
"412","0.05 - video","Libra - RestaurantPlaza",2012-06-01,1,14209,14209,11186.5,222790
"413","0.05 - video","Libra - RestaurantPlaza",2012-07-01,1,12025,12025,10730,228631
"414","0.05 - video","Libra - RestaurantPlaza",2012-08-01,1,9139,9139,6980,239460
"415","0.25 - reel","Aries - Boundary",2011-09-01,12,20294,243528,252168,165727.83
"416","0.25 - reel","Aries - Boundary",2011-10-01,2,1066,2132,-11327.5,168186
"417","0.25 - reel","Aries - Boundary",2011-11-01,1,12679,12679,4922.5,121466
"418","0.25 - reel","Aries - Boundary",2012-01-01,1,2882,2882,332.5,142427
"419","0.25 - reel","Aries - Boundary",2012-04-01,1,6417,6417,4364,115301
"420","0.25 - reel","Aries - Boundary",2012-07-01,1,7282,7282,5772.5,122171
"421","0.25 - reel","Aries - Entrance",2011-09-01,2,14860.5,14860.5,15718.5,96166
"422","0.25 - reel","Aries - Entrance",2011-11-01,1,3764,3764,3233,70405
"423","0.25 - reel","Aries - Entrance",2011-12-01,2,3975.5,7951,13613,96442.5
"424","0.25 - reel","Aries - Entrance",2012-01-01,13,9831.21,63902.865,113704.5,78890
"425","0.25 - reel","Aries - Entrance",2012-05-01,1,5880,5880,5057.5,94626
"426","0.25 - reel","Aries - Entrance",2012-06-01,1,16065,16065,14430,100892
"427","0.25 - reel","Aries - Entrance",2012-07-01,12,8722.75,104673,106200.5,89698.67
"428","0.25 - reel","Aries - Entrance",2012-08-01,3,5685,8527.5,10474.5,83407.25
"429","0.25 - reel","Aries - Interior",2011-09-01,4,11175.6666666667,14900.8888888889,22535.1666666667,9545
"430","0.25 - reel","Aries - Interior",2011-10-01,2,8751.5,8751.5,9658.75,22209
"431","0.25 - reel","Aries - Interior",2011-11-01,1,4241,4241,7008,6974
"432","0.25 - reel","Aries - Interior",2011-12-01,1,20557,20557,22248.5,6837
"433","0.25 - reel","Aries - Interior",2012-02-01,15,4228.66666666667,21143.3333333333,35290.3333333333,24665.5
"434","0.25 - reel","Aries - Interior",2012-05-01,1,15498,15498,17776,117
"435","0.25 - reel","Aries - Interior",2012-06-01,1,12097,12097,12673.5,1407
"436","0.25 - reel","Aries - Interior",2012-07-01,1,8431,8431,17254,21124
"437","0.25 - reel","Aries - Interior",2012-08-01,1,6394,6394,4836.5,25824
"438","0.25 - reel","Aries - RestaurantPlaza",2011-09-01,2,5206,5206,5716.5,42550
"439","0.25 - reel","Aries - RestaurantPlaza",2011-10-01,2,12897.5,12897.5,13490.5,48628.5
"440","0.25 - reel","Aries - RestaurantPlaza",2011-12-01,1,9599,9599,10493,42802
"441","0.25 - reel","Aries - RestaurantPlaza",2012-01-01,1,13731,13731,12889.5,63722
"442","0.25 - reel","Aries - RestaurantPlaza",2012-02-01,2,13054.5,13054.5,13907.75,53362.5
"443","0.25 - reel","Aries - RestaurantPlaza",2012-03-01,1,2264,2264,1784,62143
"444","0.25 - reel","Aries - RestaurantPlaza",2012-05-01,1,22312,22312,22682,34017
"445","0.25 - reel","Aries - RestaurantPlaza",2012-06-01,14,3224.58333333333,15048.0555555556,33439.8333333333,37264
"446","0.25 - reel","Aries - RestaurantPlaza",2012-08-01,12,9307.5,111690,95664,53391.75
"447","0.25 - reel","Libra - Boundary",2011-09-01,3,18374.75,27562.125,30855.5,22739
"448","0.25 - reel","Libra - Boundary",2011-10-01,3,9595,14392.5,17636.75,18909.25
"449","0.25 - reel","Libra - Boundary",2011-11-01,2,14461.5,14461.5,13655.25,33273.5
"450","0.25 - reel","Libra - Boundary",2011-12-01,1,9417,9417,10771.5,44179
"451","0.25 - reel","Libra - Boundary",2012-01-01,1,22294,22294,21922.5,56874
"452","0.25 - reel","Libra - Boundary",2012-02-01,1,11284,11284,12124,14003
"453","0.25 - reel","Libra - Boundary",2012-03-01,2,16411,16411,15088.75,54608
"454","0.25 - reel","Libra - Boundary",2012-04-01,1,9900,9900,12046.5,11937
"455","0.25 - reel","Libra - Boundary",2012-05-01,1,14537,14537,15976,25934
"456","0.25 - reel","Libra - Boundary",2012-07-01,1,29157,29157,28716.5,31956
"457","0.25 - reel","Libra - Entrance",2012-03-01,1,5613,5613,4257,63481
"458","0.25 - reel","Libra - Entrance",2012-06-01,1,7427,7427,6644.5,14741
"459","0.25 - reel","Libra - Entrance",2012-07-01,1,7908,7908,3347,28257
"460","0.25 - reel","Libra - Entrance",2012-08-01,2,7687.5,15375,24663.5,9054.5
"461","0.25 - reel","Libra - Interior",2011-09-01,1,4281,4281,3429.5,45401
"462","0.25 - reel","Libra - Interior",2012-01-01,1,5208,5208,2788,23571
"463","0.25 - reel","Libra - Interior",2012-05-01,1,3431,3431,5915,6490
"464","0.25 - reel","Libra - Interior",2012-07-01,1,3097,3097,6617,13042
"465","0.25 - reel","Libra - Interior",2012-08-01,1,3238,3238,3140,44891
"466","0.25 - reel","Libra - RestaurantPlaza",2011-09-01,2,1439,1439,6576.25,23137
"467","0.25 - reel","Libra - RestaurantPlaza",2011-11-01,1,824,824,-999,136847
"468","0.25 - reel","Libra - RestaurantPlaza",2011-12-01,2,2113,4226,-416.5,60749
"469","0.25 - reel","Libra - RestaurantPlaza",2012-02-01,1,484,484,918.5,81597
"470","0.25 - reel","Libra - RestaurantPlaza",2012-06-01,1,288,288,-532.5,64512
"471","0.25 - video","Aries - Boundary",2011-09-01,9,2586.565,11639.5425,16947.75,4547.375
"472","0.25 - video","Aries - Boundary",2012-01-01,8,1701.13,13609.04,10001.5,8953.75
"473","0.25 - video","Aries - Boundary",2012-02-01,2,750.5,750.5,1858.25,11260
"474","0.25 - video","Aries - Boundary",2012-04-01,8,2060.38,16483.04,26113.5,5019.25
"475","0.25 - video","Aries - Boundary",2012-05-01,9,1069.5,4812.75,8803.5,4584.815
"476","0.25 - video","Aries - Boundary",2012-07-01,9,2491.44,11211.48,-3256.5,12794.125
"477","0.25 - video","Aries - Boundary",2012-08-01,9,1884.565,8480.5425,657.5,25804.815
"478","0.25 - video","Aries - Entrance",2011-09-01,7,7751.5,27130.25,38139,13532.335
"479","0.25 - video","Aries - Entrance",2011-10-01,2,6737.5,6737.5,2238.75,17853
"480","0.25 - video","Aries - Entrance",2011-11-01,10,5108.065,25540.325,25459.5,784
"481","0.25 - video","Aries - Entrance",2012-02-01,6,6769.17,40615.02,29280,14970.17
"482","0.25 - video","Aries - Entrance",2012-06-01,4,4883.25,19533,-4937,18614
"483","0.25 - video","Aries - Interior",2011-10-01,5,12778.375,31945.9375,13837,35942.875
"484","0.25 - video","Aries - Interior",2011-11-01,6,14627.17,87763.02,107462.5,10176
"485","0.25 - video","Aries - Interior",2011-12-01,4,13469.5,53878,53036.5,20189.5
"486","0.25 - video","Aries - Interior",2012-02-01,5,12028.25,30070.625,21873,86763
"487","0.25 - video","Aries - Interior",2012-04-01,2,10533.5,10533.5,7385.5,23632
"488","0.25 - video","Aries - Interior",2012-05-01,6,10510.17,63061.02,32186.5,17387.83
"489","0.25 - video","Aries - Interior",2012-06-01,1,12291,12291,18175.5,18361
"490","0.25 - video","Aries - Interior",2012-07-01,1,10614,10614,5941,95375
"491","0.25 - video","Aries - Interior",2012-08-01,11,12503.14,45844.8466666667,41629.8333333333,15348
"492","0.25 - video","Aries - RestaurantPlaza",2011-09-01,8,34286.6875,68573.375,66705.25,5114.375
"493","0.25 - video","Aries - RestaurantPlaza",2011-10-01,6,18631.67,111790.02,126763.5,9121
"494","0.25 - video","Aries - RestaurantPlaza",2011-11-01,4,25615,102460,126359.5,10399.5
"495","0.25 - video","Aries - RestaurantPlaza",2011-12-01,8,29333.665,117334.66,149836,2962.5
"496","0.25 - video","Aries - RestaurantPlaza",2012-01-01,6,42009.6666666667,84019.3333333333,54469.1666666667,13570
"497","0.25 - video","Aries - RestaurantPlaza",2012-02-01,1,65390,65390,57713,36707
"498","0.25 - video","Aries - RestaurantPlaza",2012-03-01,2,33801.5,33801.5,29805.25,38146.5
"499","0.25 - video","Aries - RestaurantPlaza",2012-04-01,11,29355.5266666667,107636.931111111,89549.8333333333,22295
"500","0.25 - video","Aries - RestaurantPlaza",2012-05-01,4,23193.5,92774,130821.5,12068
"501","0.25 - video","Aries - RestaurantPlaza",2012-06-01,9,35045.7075,78852.841875,60930.875,17695.5
"502","0.25 - video","Aries - RestaurantPlaza",2012-07-01,9,27564.75,62020.6875,54887.875,23808
"503","0.25 - video","Aries - RestaurantPlaza",2012-08-01,3,27498.5,41247.75,49264.5,7381.5
"504","0.25 - video","Libra - Boundary",2011-09-01,3,4562.5,6843.75,7909,52153.75
"505","0.25 - video","Libra - Boundary",2011-10-01,1,5253,5253,3321,55185
"506","0.25 - video","Libra - Boundary",2012-06-01,1,6145,6145,-10123.5,44676
"507","0.25 - video","Libra - Boundary",2012-07-01,1,7507,7507,13227.5,41920
"508","0.25 - video","Libra - Entrance",2011-09-01,2,2580,5160,1212,12717.5
"509","0.25 - video","Libra - Entrance",2011-12-01,1,321,321,11139,40426
"510","0.25 - video","Libra - Entrance",2012-01-01,1,1927,1927,-18500.5,105735
"511","0.25 - video","Libra - Interior",2011-09-01,2,38471,38471,26835.25,37992.5
"512","0.25 - video","Libra - Interior",2011-11-01,1,19634,19634,31956.5,48085
"513","0.25 - video","Libra - Interior",2011-12-01,1,38931,38931,18479.5,64571
"514","0.25 - video","Libra - Interior",2012-01-01,1,80974,80974,67622,29281
"515","0.25 - video","Libra - Interior",2012-03-01,1,79458,79458,93328,45821
"516","0.25 - video","Libra - Interior",2012-05-01,1,73956,73956,72188,74715
"517","0.25 - video","Libra - Interior",2012-06-01,2,46299,46299,55386,27622
"518","0.25 - video","Libra - Interior",2012-08-01,1,43101,43101,40692.5,47108
"519","0.25 - video","Libra - RestaurantPlaza",2012-02-01,1,13629,13629,-4412.5,89966
"520","0.25 - video","Libra - RestaurantPlaza",2012-03-01,1,9585,9585,3977,45379
"521","0.25 - video","Libra - RestaurantPlaza",2012-04-01,1,10866,10866,-8566.5,109360
"522","0.25 - video","Libra - RestaurantPlaza",2012-05-01,1,12755,12755,-839,76590
"523","0.25 - video","Libra - RestaurantPlaza",2012-08-01,1,11598,11598,21325.5,37588
"524","1 - reel","Aries - Entrance",2011-10-01,1,24543,24543,22356,80966
"525","1 - reel","Aries - Entrance",2011-12-01,1,42572,42572,22032.5,85220
"526","1 - reel","Aries - Entrance",2012-02-01,1,21066,21066,-32002.5,66532
"527","1 - reel","Aries - Entrance",2012-08-01,1,37355,37355,9572,69192
"528","1 - reel","Aries - Interior",2011-09-01,3,10830.6666666667,10830.6666666667,12174.5,5526
"529","1 - reel","Aries - Interior",2011-10-01,3,11895.3333333333,11895.3333333333,12932.5,14803
"530","1 - reel","Aries - Interior",2011-11-01,2,2609,2609,4311.25,9151.5
"531","1 - reel","Aries - Interior",2011-12-01,2,5145,5145,7033.75,7839
"532","1 - reel","Aries - Interior",2012-01-01,1,5728,5728,3729,20299
"533","1 - reel","Aries - Interior",2012-02-01,1,45,45,-1368.5,10554
"534","1 - reel","Aries - Interior",2012-03-01,2,27908.5,27908.5,25679.5,17778.5
"535","1 - reel","Aries - Interior",2012-04-01,2,6972.5,6972.5,7284.5,12982.5
"536","1 - reel","Aries - Interior",2012-05-01,2,10186.5,10186.5,11934.75,16761
"537","1 - reel","Aries - Interior",2012-06-01,2,5912,5912,6554.25,11917
"538","1 - reel","Aries - Interior",2012-07-01,2,26733,26733,26420,10824
"539","1 - reel","Aries - Interior",2012-08-01,2,24326,24326,27005.5,8534.5
"540","1 - reel","Aries - RestaurantPlaza",2011-09-01,1,12343,12343,20160.5,63187
"541","1 - reel","Aries - RestaurantPlaza",2011-11-01,1,37832,37832,37740,34561
"542","1 - reel","Aries - RestaurantPlaza",2012-01-01,2,27670.5,27670.5,10320,43030
"543","1 - reel","Aries - RestaurantPlaza",2012-02-01,1,20099,20099,19997,36649
"544","1 - reel","Aries - RestaurantPlaza",2012-05-01,1,16442,16442,-4949,59234
"545","1 - reel","Libra - Boundary",2011-09-01,2,31862,63724,74863.5,104413
"546","1 - reel","Libra - Boundary",2011-11-01,2,43463.5,86927,111929.5,5126.5
"547","1 - reel","Libra - Boundary",2011-12-01,2,27100.5,54201,26208,111288
"548","1 - reel","Libra - Boundary",2012-01-01,2,19011,38022,68518,50607
"549","1 - reel","Libra - Boundary",2012-02-01,2,21503.5,43007,51977.5,11633
"550","1 - reel","Libra - Boundary",2012-03-01,2,24689.5,49379,93672.5,11429
"551","1 - reel","Libra - Boundary",2012-05-01,2,11456.5,22913,725,162558.5
"552","1 - reel","Libra - Boundary",2012-06-01,2,25809,51618,58732,98052.5
"553","1 - reel","Libra - Boundary",2012-07-01,2,40536.5,81073,95508,113071.5
"554","1 - reel","Libra - Boundary",2012-08-01,2,38973.5,77947,59265,87238
"555","1 - reel","Libra - RestaurantPlaza",2011-10-01,2,246,492,16833,45519.5
"556","1 - reel","Libra - RestaurantPlaza",2012-04-01,2,1010,2020,-32500,119003.5
"557","1 - video","Aries - Boundary",2011-11-01,4,2659,10636,90999.5,7428.25
"558","1 - video","Aries - Entrance",2012-08-01,4,4301.25,17205,73139.5,18690.25
"559","1 - video","Aries - Interior",2012-01-01,4,8886.5,35546,119720.5,19984
"560","1 - video","Aries - Interior",2012-02-01,4,11616.5,46466,87099.5,35003.75
"561","1 - video","Aries - Interior",2012-05-01,4,14672,58688,99294.5,28115.5
"562","1 - video","Aries - RestaurantPlaza",2011-09-01,4,27425.5,109702,123550,20084.25
"563","1 - video","Aries - RestaurantPlaza",2011-10-01,4,84354.25,337417,411132,18785.75
"564","1 - video","Aries - RestaurantPlaza",2011-12-01,4,17945.25,71781,29077.5,58928.75
"565","1 - video","Aries - RestaurantPlaza",2012-03-01,4,61697.5,246790,195717.5,56779.25
"566","1 - video","Aries - RestaurantPlaza",2012-04-01,4,56300.25,225201,126479.5,71341.75
"567","1 - video","Aries - RestaurantPlaza",2012-06-01,4,19042.25,76169,145368,4774.25
"568","1 - video","Aries - RestaurantPlaza",2012-07-01,4,54613.25,218453,227731.5,38974.25
"569","1 - video","Libra - Interior",2011-09-01,1,34892,34892,25232.5,18230
"570","1 - video","Libra - Interior",2011-10-01,1,44686,44686,38166,76300
"571","1 - video","Libra - Interior",2011-11-01,1,23605,23605,18674.5,86832
"572","1 - video","Libra - Interior",2011-12-01,1,32008,32008,37542,17384
"573","1 - video","Libra - Interior",2012-01-01,1,80235,80235,113321.5,1847
"574","1 - video","Libra - Interior",2012-02-01,1,45943,45943,66223,11318
"575","1 - video","Libra - Interior",2012-03-01,1,60460,60460,38628,66469
"576","1 - video","Libra - Interior",2012-04-01,1,21693,21693,943,102938
"577","1 - video","Libra - Interior",2012-06-01,1,75278,75278,67718,18835
"578","1 - video","Libra - Interior",2012-07-01,1,41725,41725,62989.5,61920
"579","1 - video","Libra - Interior",2012-08-01,1,39738,39738,20403,59723
"580","1 - video","Libra - RestaurantPlaza",2012-05-01,1,11113,11113,19299.5,84488
"581","2 - reel","Aries - Boundary",2011-09-01,17,8893.38888888889,16798.6234567901,13091.5,142065
"582","2 - reel","Aries - Boundary",2011-10-01,11,6149.57142857143,9663.61224489796,7634.57142857143,147094
"583","2 - reel","Aries - Boundary",2011-11-01,4,9189.835,18379.67,21308.75,268019.5
"584","2 - reel","Aries - Boundary",2011-12-01,15,7592.39285714286,16269.4132653061,13207,191894
"585","2 - reel","Aries - Boundary",2012-01-01,7,5983.2,8376.48,2189.5,119704
"586","2 - reel","Aries - Boundary",2012-02-01,11,7957.61166666667,14588.9547222222,14385,131261.585
"587","2 - reel","Aries - Boundary",2012-03-01,10,4903.08333333333,8171.80555555556,6369.25,160599.165
"588","2 - reel","Aries - Boundary",2012-04-01,5,7361.6,7361.6,1849.7,236616
"589","2 - reel","Aries - Boundary",2012-05-01,9,9710.95,17479.71,6176.4,143464.5
"590","2 - reel","Aries - Boundary",2012-06-01,5,12848.8,12848.8,11291.3,166147
"591","2 - reel","Aries - Boundary",2012-07-01,2,2098.5,4197,3537.5,161913
"592","2 - reel","Aries - Boundary",2012-08-01,10,10896.9716666667,18161.6194444444,17371,171510
"593","2 - reel","Aries - Entrance",2011-09-01,18,7378.38636363636,12073.7231404959,10065.9545454545,72970
"594","2 - reel","Aries - Entrance",2011-10-01,15,886.9075,3325.903125,1899.125,91522.5
"595","2 - reel","Aries - Entrance",2011-11-01,5,11590.1666666667,19316.9444444444,13928.3333333333,88516
"596","2 - reel","Aries - Entrance",2011-12-01,2,6821,6821,5759.75,83671.5
"597","2 - reel","Aries - Entrance",2012-01-01,6,15708.5,23562.75,15552.125,89969.5
"598","2 - reel","Aries - Entrance",2012-02-01,9,8813.41666666667,13220.125,15735.6666666667,92939.5
"599","2 - reel","Aries - Entrance",2012-03-01,6,9698.7,11638.44,14774,77253
"600","2 - reel","Aries - Entrance",2012-04-01,16,9573.97875,19147.9575,16560,93953.75
"601","2 - reel","Aries - Entrance",2012-05-01,15,9396.25,20134.8214285714,22541.5714285714,87616
"602","2 - reel","Aries - Entrance",2012-06-01,12,5174.27833333333,10348.5566666667,7442.41666666667,91770
"603","2 - reel","Aries - Entrance",2012-07-01,7,9478.875,16588.03125,8865.125,82500.665
"604","2 - reel","Aries - Entrance",2012-08-01,16,5475.90625,10951.8125,14815.4375,89845.5
"605","2 - reel","Aries - Interior",2011-09-01,22,8138.09615384615,13772.1627218935,11947.3076923077,10291
"606","2 - reel","Aries - Interior",2011-10-01,13,3713.6875,6034.7421875,7637.5,20671.25
"607","2 - reel","Aries - Interior",2011-11-01,11,7895.54166666667,14475.1597222222,22331.9166666667,22752.25
"608","2 - reel","Aries - Interior",2011-12-01,16,6513.96875,13027.9375,17025.9375,17649
"609","2 - reel","Aries - Interior",2012-01-01,11,4617.75,6349.40625,6305.125,12378.75
"610","2 - reel","Aries - Interior",2012-02-01,4,9058.75,9058.75,9364.625,6632
"611","2 - reel","Aries - Interior",2012-03-01,8,8980.83333333333,11974.4444444444,20784.25,8667.5
"612","2 - reel","Aries - Interior",2012-04-01,3,10708.6666666667,10708.6666666667,12910.5,15857
"613","2 - reel","Aries - Interior",2012-05-01,6,11850.375,17775.5625,24671.5,6515.75
"614","2 - reel","Aries - Interior",2012-06-01,5,5139.875,12849.6875,15332.75,21893.5
"615","2 - reel","Aries - Interior",2012-07-01,15,6570.075,9855.1125,10498.8,11316
"616","2 - reel","Aries - Interior",2012-08-01,6,5010,7515,9846.625,15356
"617","2 - reel","Aries - RestaurantPlaza",2011-09-01,26,6913.567,17975.2742,13752.25,42508.5
"618","2 - reel","Aries - RestaurantPlaza",2011-10-01,10,3813.57142857143,5447.95918367347,3823.71428571429,42663
"619","2 - reel","Aries - RestaurantPlaza",2011-11-01,12,11294.3125,16941.46875,15913.3125,48273.5
"620","2 - reel","Aries - RestaurantPlaza",2011-12-01,4,11196.75,11196.75,11331.125,41466.5
"621","2 - reel","Aries - RestaurantPlaza",2012-01-01,6,13158.2,15789.84,16047,38983
"622","2 - reel","Aries - RestaurantPlaza",2012-02-01,9,13215.85,23788.53,18628.7,53559
"623","2 - reel","Aries - RestaurantPlaza",2012-03-01,15,15245.68,38114.2,31380.5833333333,45662.625
"624","2 - reel","Aries - RestaurantPlaza",2012-04-01,12,14429.15,34629.96,33924,42610.5
"625","2 - reel","Aries - RestaurantPlaza",2012-05-01,5,11012.625,13765.78125,10701.875,47344
"626","2 - reel","Aries - RestaurantPlaza",2012-06-01,6,5521,6625.2,5882.3,48717
"627","2 - reel","Aries - RestaurantPlaza",2012-07-01,5,20748.75,25935.9375,29503.75,50720.5
"628","2 - reel","Aries - RestaurantPlaza",2012-08-01,7,12366.9,17313.66,10717.9,49277
"629","2 - reel","Libra - Boundary",2011-09-01,2,13619.5,13619.5,10547.5,157308
"630","2 - reel","Libra - Boundary",2011-10-01,2,12195.5,12195.5,8447.25,86399.5
"631","2 - reel","Libra - Boundary",2011-11-01,2,9243.5,9243.5,9499,103057.5
"632","2 - reel","Libra - Boundary",2011-12-01,6,11280.0825,16920.12375,17387.75,104536
"633","2 - reel","Libra - Boundary",2012-01-01,1,8405,8405,8685,52354
"634","2 - reel","Libra - Boundary",2012-02-01,4,15066.835,30133.67,28738.75,124728.5
"635","2 - reel","Libra - Boundary",2012-04-01,3,12926,12926,14339,152278
"636","2 - reel","Libra - Boundary",2012-05-01,2,15319,15319,10094,154241
"637","2 - reel","Libra - Boundary",2012-06-01,5,13619.5566666667,22699.2611111111,23411.5,132951.33
"638","2 - reel","Libra - Boundary",2012-08-01,2,12937.5,12937.5,12934.5,267299
"639","2 - reel","Libra - Entrance",2011-09-01,9,6415.866,11548.5588,10727.1,71024
"640","2 - reel","Libra - Entrance",2011-10-01,1,7938,7938,8015.5,4373
"641","2 - reel","Libra - Entrance",2011-11-01,7,6428.5825,11250.019375,14055.25,75797.75
"642","2 - reel","Libra - Entrance",2011-12-01,5,5821.915,14554.7875,14507.5,124137.585
"643","2 - reel","Libra - Entrance",2012-01-01,2,5760.5,5760.5,4890.75,100180
"644","2 - reel","Libra - Entrance",2012-02-01,3,7740.33,23220.99,22902.5,146135.67
"645","2 - reel","Libra - Entrance",2012-03-01,3,5701,17103,17242,145117
"646","2 - reel","Libra - Entrance",2012-05-01,1,6550,6550,7143.5,46982
"647","2 - reel","Libra - Entrance",2012-06-01,6,6638.72333333333,13277.4466666667,13904,12046.67
"648","2 - reel","Libra - Entrance",2012-07-01,4,6473,8630.66666666667,8468.5,37404
"649","2 - reel","Libra - Interior",2011-09-01,3,3244.33333333333,3244.33333333333,5598,83102
"650","2 - reel","Libra - Interior",2011-10-01,2,4721.5,4721.5,4586,71080
"651","2 - reel","Libra - Interior",2011-11-01,1,2907,2907,2492.5,200831
"652","2 - reel","Libra - Interior",2012-01-01,4,4079.835,8159.67,5802,229550
"653","2 - reel","Libra - Interior",2012-02-01,1,4863,4863,4858,145577
"654","2 - reel","Libra - Interior",2012-03-01,1,3523,3523,3182,63157
"655","2 - reel","Libra - Interior",2012-05-01,2,4423,8846,8073.5,80463
"656","2 - reel","Libra - Interior",2012-07-01,4,3377.835,6755.67,7449,175561.165
"657","2 - reel","Libra - Interior",2012-08-01,4,4409.83333333333,5879.77777777778,6421.16666666667,59665.5
"658","2 - reel","Libra - RestaurantPlaza",2011-09-01,5,1154.75,1443.4375,1789.75,36591
"659","2 - reel","Libra - RestaurantPlaza",2011-10-01,1,2062,2062,1968,287810
"660","2 - reel","Libra - RestaurantPlaza",2011-11-01,4,1896.165,3792.33,6093.25,100078.835
"661","2 - reel","Libra - RestaurantPlaza",2011-12-01,2,1316.5,1316.5,-1721.25,66445
"662","2 - reel","Libra - RestaurantPlaza",2012-02-01,1,915,915,4154.5,42410
"663","2 - reel","Libra - RestaurantPlaza",2012-03-01,1,1600,1600,2212,114446
"664","2 - reel","Libra - RestaurantPlaza",2012-04-01,2,793.5,1587,1403.5,32478
"665","2 - reel","Libra - RestaurantPlaza",2012-05-01,4,578.335,1156.67,2369.25,30678.5
"666","2 - reel","Libra - RestaurantPlaza",2012-06-01,1,2071,2071,5700,31457
"667","2 - reel","Libra - RestaurantPlaza",2012-08-01,3,1169,3507,3791,181492
"668","2 - video","Aries - Boundary",2011-09-01,70,1846.67682926829,3152.86287923855,3580.78048780488,85783
"669","2 - video","Aries - Boundary",2011-10-01,43,2189.05681818182,4278.61105371901,4194.27272727273,106025
"670","2 - video","Aries - Boundary",2011-11-01,38,2224.38888888889,4695.93209876543,1483.19444444444,102878
"671","2 - video","Aries - Boundary",2011-12-01,54,1963.67807692308,4078.40831360947,3758.61538461538,92837.75
"672","2 - video","Aries - Boundary",2012-01-01,69,2048.97321428571,5049.25542091837,4568.57142857143,61902.125
"673","2 - video","Aries - Boundary",2012-02-01,41,1733.36727272727,3230.36628099174,3157.18181818182,77796
"674","2 - video","Aries - Boundary",2012-03-01,36,2481.2585,4466.2653,6365.925,69363.75
"675","2 - video","Aries - Boundary",2012-04-01,30,1777.828,3555.656,3652.63333333333,104886.75
"676","2 - video","Aries - Boundary",2012-05-01,75,2238.75606060606,5088.08195592287,4457.40909090909,82945.5
"677","2 - video","Aries - Boundary",2012-06-01,63,2357.5124,5940.931248,4862.44,63648.2
"678","2 - video","Aries - Boundary",2012-07-01,41,1942.175,3981.45875,4847.45,85953.25
"679","2 - video","Aries - Boundary",2012-08-01,41,2186.22916666667,3734.80815972222,4064.85416666667,55603.25
"680","2 - video","Aries - Entrance",2011-09-01,83,6232.5969047619,12316.7986451247,11418.9166666667,102711
"681","2 - video","Aries - Entrance",2011-10-01,43,5996.99272727273,11721.3948760331,12035.1363636364,111039.71
"682","2 - video","Aries - Entrance",2011-11-01,48,6023.06619047619,13767.0084353741,14215.8571428571,126629
"683","2 - video","Aries - Entrance",2011-12-01,46,6119.26923076923,10826.399408284,11067.6730769231,44161.25
"684","2 - video","Aries - Entrance",2012-01-01,33,5916.84294117647,11485.6362975779,12203.4705882353,56100.5
"685","2 - video","Aries - Entrance",2012-02-01,48,6519.41565217391,13605.7370132325,15216.8695652174,51560
"686","2 - video","Aries - Entrance",2012-03-01,53,5930.42913043478,13665.7714744802,15819.152173913,54627
"687","2 - video","Aries - Entrance",2012-04-01,80,6231.215625,15578.0390625,15851.71875,113986.75
"688","2 - video","Aries - Entrance",2012-05-01,49,6501.13074074074,11798.3483813443,11652.3148148148,70417
"689","2 - video","Aries - Entrance",2012-06-01,32,6239.21047619048,9507.3683446712,9917,82714.5
"690","2 - video","Aries - Entrance",2012-07-01,44,6321.68333333333,11589.7527777778,11536.6041666667,138153.75
"691","2 - video","Aries - Entrance",2012-08-01,48,6634.25346153846,12247.8525443787,9868.30769230769,95649.5
"692","2 - video","Aries - Interior",2011-09-01,101,11854.2609433962,22590.1953826985,22362.9245283019,99800.67
"693","2 - video","Aries - Interior",2011-10-01,41,11557.1826086957,20601.9342155009,20217.5,135818.5
"694","2 - video","Aries - Interior",2011-11-01,34,12045.6352631579,21555.3473130194,22926.8421052632,52556
"695","2 - video","Aries - Interior",2011-12-01,43,11931.0932,20521.480304,21285.24,120412
"696","2 - video","Aries - Interior",2012-01-01,63,12321.7034782609,33750.7530056711,32693,78441.5
"697","2 - video","Aries - Interior",2012-02-01,76,11417.6871428571,24792.6920816327,24953.7428571429,92195
"698","2 - video","Aries - Interior",2012-03-01,42,12105.6932,20337.564576,18679.36,120082.5
"699","2 - video","Aries - Interior",2012-04-01,64,11860.2788235294,22325.2307266436,21181.1323529412,83183.75
"700","2 - video","Aries - Interior",2012-05-01,36,11454.1973684211,21702.6897506925,23263.0526315789,65400
"701","2 - video","Aries - Interior",2012-06-01,53,11064.8785714286,27925.6459183673,28655.880952381,99086
"702","2 - video","Aries - Interior",2012-07-01,61,11662.0396428571,25406.5863647959,26245.4464285714,85179.75
"703","2 - video","Aries - Interior",2012-08-01,50,11927.8465384615,22938.1664201183,25367.7307692308,80393.5
"704","2 - video","Aries - RestaurantPlaza",2011-09-01,72,20270.1348484848,44225.7487603306,45110.5151515152,113084
"705","2 - video","Aries - RestaurantPlaza",2011-10-01,37,23219.4972222222,47728.9665123457,49029.2222222222,185196.3
"706","2 - video","Aries - RestaurantPlaza",2011-11-01,38,28159.0638888889,59446.912654321,52428.2777777778,127450.5
"707","2 - video","Aries - RestaurantPlaza",2011-12-01,34,22835.3875,48525.1984375,51248.125,130306
"708","2 - video","Aries - RestaurantPlaza",2012-01-01,52,22049.0561764706,33722.085916955,34990.0294117647,144949
"709","2 - video","Aries - RestaurantPlaza",2012-02-01,71,22047.9546428571,55907.3135586735,58754.7142857143,96905.5
"710","2 - video","Aries - RestaurantPlaza",2012-03-01,45,25523.707,57428.34075,53133.3,62535
"711","2 - video","Aries - RestaurantPlaza",2012-04-01,48,22037.2030434783,45990.6846124764,47981.9565217391,140679
"712","2 - video","Aries - RestaurantPlaza",2012-05-01,50,22800.4896296296,42223.1289437586,43476.6111111111,140714
"713","2 - video","Aries - RestaurantPlaza",2012-06-01,53,20457.5048,43369.910176,44587.14,75055
"714","2 - video","Aries - RestaurantPlaza",2012-07-01,53,21497.7992,45575.334304,48830.04,49603
"715","2 - video","Aries - RestaurantPlaza",2012-08-01,44,22769.419,50092.7218,45390.95,158684.5
"716","2 - video","Libra - Boundary",2011-09-01,19,6503.25,7722.609375,8123.90625,121660.25
"717","2 - video","Libra - Boundary",2011-10-01,8,6690.92857142857,7646.77551020408,7566.35714285714,130720
"718","2 - video","Libra - Boundary",2011-11-01,14,6807.22727272727,8663.74380165289,8916.68181818182,132444
"719","2 - video","Libra - Boundary",2011-12-01,12,6633.3,7959.96,7731.3,110604.75
"720","2 - video","Libra - Boundary",2012-01-01,15,6537.59090909091,8914.89669421487,10937,61901
"721","2 - video","Libra - Boundary",2012-02-01,12,6479.77777777778,8639.7037037037,7107.27777777778,95225.5
"722","2 - video","Libra - Boundary",2012-03-01,12,6071.72222222222,8095.62962962963,6436.22222222222,151883.5
"723","2 - video","Libra - Boundary",2012-04-01,8,6285.28571428571,7183.18367346939,8323.92857142857,76519
"724","2 - video","Libra - Boundary",2012-05-01,11,6565.875,9028.078125,11511.8125,86152
"725","2 - video","Libra - Boundary",2012-06-01,4,6000.66666666667,8000.88888888889,5912.83333333333,128305
"726","2 - video","Libra - Boundary",2012-07-01,12,6229.2,7475.04,7016.95,129629.25
"727","2 - video","Libra - Boundary",2012-08-01,18,6668.25,8573.46428571429,7751.42857142857,132884
"728","2 - video","Libra - Entrance",2011-09-01,17,1915.84615384615,2505.33727810651,3803.42307692308,48958
"729","2 - video","Libra - Entrance",2011-10-01,9,2728.57142857143,3508.16326530612,2561.14285714286,166717
"730","2 - video","Libra - Entrance",2011-11-01,11,2229.0625,3064.9609375,2664.8125,76068.5
"731","2 - video","Libra - Entrance",2011-12-01,6,1598.125,2397.1875,3466,109991
"732","2 - video","Libra - Entrance",2012-01-01,6,2860.4,3432.48,5983,92865
"733","2 - video","Libra - Entrance",2012-02-01,10,3977.66625,4972.0828125,6148.0625,59940
"734","2 - video","Libra - Entrance",2012-03-01,6,1744,1744,2672.83333333333,129643.5
"735","2 - video","Libra - Entrance",2012-04-01,12,2911.64285714286,4991.38775510204,4435.85714285714,109857
"736","2 - video","Libra - Entrance",2012-05-01,10,2363.47571428571,3376.39387755102,2092.5,190706
"737","2 - video","Libra - Entrance",2012-06-01,13,2187,2843.1,3728,73962.25
"738","2 - video","Libra - Entrance",2012-07-01,12,1721,2950.28571428571,3837.78571428571,55717
"739","2 - video","Libra - Entrance",2012-08-01,12,1615.15,1938.18,2484.8,75123
"740","2 - video","Libra - Interior",2011-09-01,15,21183.5714285714,22696.6836734694,22413.4642857143,65575.5
"741","2 - video","Libra - Interior",2011-10-01,9,30752.3333333333,30752.3333333333,30877.0555555556,88327
"742","2 - video","Libra - Interior",2011-11-01,15,22169.7775,27712.221875,27629.4166666667,70603
"743","2 - video","Libra - Interior",2011-12-01,6,28584.7,34301.64,28940.8,40597
"744","2 - video","Libra - Interior",2012-01-01,13,21847.3333333333,23667.9444444444,21156.7916666667,212588.5
"745","2 - video","Libra - Interior",2012-02-01,12,24139.8333333333,24139.8333333333,23133.75,155083
"746","2 - video","Libra - Interior",2012-03-01,14,24482.925,34276.095,29249.3,141925
"747","2 - video","Libra - Interior",2012-04-01,7,29629.2857142857,29629.2857142857,27216.4285714286,211228
"748","2 - video","Libra - Interior",2012-05-01,13,21845.4615384615,21845.4615384615,22883.3461538462,131597
"749","2 - video","Libra - Interior",2012-06-01,15,22225.8571428571,23813.4183673469,21972.3571428571,209304.5
"750","2 - video","Libra - Interior",2012-07-01,13,23666.75,25638.9791666667,26890.0833333333,140937.5
"751","2 - video","Libra - Interior",2012-08-01,11,26904.6,29595.06,28065.6,220268
"752","2 - video","Libra - RestaurantPlaza",2011-09-01,33,11662.4054545455,17493.6081818182,18256.75,77008.875
"753","2 - video","Libra - RestaurantPlaza",2011-10-01,14,11446.4166666667,17805.537037037,17674.9444444444,85768
"754","2 - video","Libra - RestaurantPlaza",2011-11-01,9,10360.0625,11655.0703125,11653.8125,102068
"755","2 - video","Libra - RestaurantPlaza",2011-12-01,16,10594.1346153846,13038.9349112426,13943.6538461538,202222
"756","2 - video","Libra - RestaurantPlaza",2012-01-01,8,11875.7857142857,13572.3265306122,14961.2142857143,218641
"757","2 - video","Libra - RestaurantPlaza",2012-02-01,4,13160.75,13160.75,4892.5,105777
"758","2 - video","Libra - RestaurantPlaza",2012-03-01,8,11982.3333333333,15976.4444444444,15790.0833333333,132830.75
"759","2 - video","Libra - RestaurantPlaza",2012-04-01,9,11491.5555555556,11491.5555555556,12512,163403
"760","2 - video","Libra - RestaurantPlaza",2012-05-01,9,10976.625,12348.703125,10409.5625,154868.25
"761","2 - video","Libra - RestaurantPlaza",2012-06-01,17,11821.7118181818,18269.9182644628,20164.2727272727,29881
"762","2 - video","Libra - RestaurantPlaza",2012-07-01,12,11955.9,14347.08,14404.6,159073.25
"763","2 - video","Libra - RestaurantPlaza",2012-08-01,10,11606.91625,14508.6453125,15296.125,148007
"764","2 - vpoker","Aries - Boundary",2012-01-01,3,2237.33,6711.99,11398,56283.33
"765","2 - vpoker","Aries - Boundary",2012-04-01,3,2702.67,8108.01,-11563,106434
"766","2 - vpoker","Aries - Boundary",2012-05-01,14,1388.21,19434.94,67041.5,51034.29
"767","2 - vpoker","Aries - Boundary",2012-06-01,4,1786.25,7145,8899.5,43039.25
"768","2 - vpoker","Aries - Entrance",2011-12-01,14,5897.43,82564.02,54387.5,194471.71
"769","2 - vpoker","Aries - Entrance",2012-02-01,4,7521.25,30085,32663,3760
"770","2 - vpoker","Aries - Entrance",2012-03-01,4,6882.5,27530,28920.5,71908.5
"771","2 - vpoker","Aries - Entrance",2012-06-01,14,9352.57,130935.98,108743,186213.71
"772","2 - vpoker","Aries - Entrance",2012-07-01,3,8509,25527,42121,39347.33
"773","2 - vpoker","Aries - Interior",2011-09-01,17,15531.18,132015.03,156029.5,68898.665
"774","2 - vpoker","Aries - Interior",2012-01-01,14,10253.71,143551.94,140171,135747
"775","2 - vpoker","Aries - Interior",2012-08-01,14,18317,256438,230005.5,129101.79
"776","2 - vpoker","Aries - RestaurantPlaza",2011-09-01,4,3772.5,15090,12087,100805.75
"777","2 - vpoker","Aries - RestaurantPlaza",2012-05-01,4,3713,14852,15007.5,27428.25
"778","2 - vpoker","Aries - RestaurantPlaza",2012-06-01,3,4826.67,14480.01,12056.5,37428.33
"779","2 - vpoker","Libra - Entrance",2012-03-01,4,6229.5,24918,24425.5,199229
"780","2 - vpoker","Libra - Entrance",2012-07-01,4,4707.5,18830,17218.5,173440.5
"781","2 - vpoker","Libra - RestaurantPlaza",2011-09-01,4,15918.5,63674,65635,158966.5
"782","2 - vpoker","Libra - RestaurantPlaza",2011-12-01,4,13334,53336,57233.5,177426
